instance_id,image_id,axis,source,chart_type,predicted_chart_type,score
002f2f9fe7a0_x,002f2f9fe7a0,x,generated,vertical_bar,vertical_bar,1.0
002f2f9fe7a0_y,002f2f9fe7a0,y,generated,vertical_bar,vertical_bar,0.9854155500678199
00a7fa12bca0_x,00a7fa12bca0,x,generated,vertical_bar,vertical_bar,1.0
00a7fa12bca0_y,00a7fa12bca0,y,generated,vertical_bar,vertical_bar,0.9691588021680413
028eec92cadb_x,028eec92cadb,x,generated,line,line,0.8323664722057973
028eec92cadb_y,028eec92cadb,y,generated,line,line,0.9702106063262614
02c61caf92a8_x,02c61caf92a8,x,generated,vertical_bar,vertical_bar,1.0
02c61caf92a8_y,02c61caf92a8,y,generated,vertical_bar,vertical_bar,0.9725930910304275
02f07afb052f_x,02f07afb052f,x,generated,line,line,1.0
02f07afb052f_y,02f07afb052f,y,generated,line,line,0.9803198213284143
0358d08e8769_x,0358d08e8769,x,generated,vertical_bar,vertical_bar,1.0
0358d08e8769_y,0358d08e8769,y,generated,vertical_bar,vertical_bar,0.9748856016397256
042a6807e8da_x,042a6807e8da,x,generated,dot,dot,0.5765215066107572
042a6807e8da_y,042a6807e8da,y,generated,dot,dot,1.0
051a935072eb_x,051a935072eb,x,generated,line,line,1.0
051a935072eb_y,051a935072eb,y,generated,line,line,0.9447617271390356
052c0bd925ce_x,052c0bd925ce,x,generated,vertical_bar,vertical_bar,1.0
052c0bd925ce_y,052c0bd925ce,y,generated,vertical_bar,vertical_bar,0.982512300743811
063765f543e6_x,063765f543e6,x,generated,scatter,scatter,0.9803755622623247
063765f543e6_y,063765f543e6,y,generated,scatter,scatter,0.8517314493319836
073044516c20_x,073044516c20,x,generated,dot,dot,0.5544240267375509
073044516c20_y,073044516c20,y,generated,dot,dot,1.0
07381f2d6d42_x,07381f2d6d42,x,generated,line,line,1.0
07381f2d6d42_y,07381f2d6d42,y,generated,line,line,0.9245211587954281
077fcbd76989_x,077fcbd76989,x,generated,scatter,scatter,0.9894315058875478
077fcbd76989_y,077fcbd76989,y,generated,scatter,scatter,0.9702218348548239
07d58107d9b4_x,07d58107d9b4,x,generated,line,line,1.0
07d58107d9b4_y,07d58107d9b4,y,generated,line,line,0.9760196315061307
08b204b0498c_x,08b204b0498c,x,generated,line,line,1.0
08b204b0498c_y,08b204b0498c,y,generated,line,line,0.9757661525523129
09bb1d774a22_x,09bb1d774a22,x,generated,scatter,scatter,0.9925301849539474
09bb1d774a22_y,09bb1d774a22,y,generated,scatter,scatter,0.9910885616035205
09bbe8e4354c_x,09bbe8e4354c,x,generated,line,line,0.9941861120186011
09bbe8e4354c_y,09bbe8e4354c,y,generated,line,line,0.9628992685618973
0c28f78f2a1e_x,0c28f78f2a1e,x,generated,scatter,scatter,0.9900054169876837
0c28f78f2a1e_y,0c28f78f2a1e,y,generated,scatter,scatter,0.9732499600527611
0c846d1241dd_x,0c846d1241dd,x,generated,dot,dot,1.0
0c846d1241dd_y,0c846d1241dd,y,generated,dot,dot,1.0
0d47e6609ace_x,0d47e6609ace,x,generated,scatter,scatter,0.8988219988542021
0d47e6609ace_y,0d47e6609ace,y,generated,scatter,scatter,0.0
0d9118ad88d4_x,0d9118ad88d4,x,generated,line,line,1.0
0d9118ad88d4_y,0d9118ad88d4,y,generated,line,line,0.95239338844505
0dfba7af983a_x,0dfba7af983a,x,generated,line,line,1.0
0dfba7af983a_y,0dfba7af983a,y,generated,line,line,0.9686192862980985
0f66a4423841_x,0f66a4423841,x,generated,vertical_bar,vertical_bar,0.9917357253429189
0f66a4423841_y,0f66a4423841,y,generated,vertical_bar,vertical_bar,0.6099693580275938
10d8f0af79b4_x,10d8f0af79b4,x,generated,line,line,1.0
10d8f0af79b4_y,10d8f0af79b4,y,generated,line,line,0.9439377258750936
117405c2f6f8_x,117405c2f6f8,x,generated,vertical_bar,vertical_bar,0.9954545767590701
117405c2f6f8_y,117405c2f6f8,y,generated,vertical_bar,vertical_bar,0.9929292348104888
126845f195e2_x,126845f195e2,x,generated,line,line,1.0
126845f195e2_y,126845f195e2,y,generated,line,line,0.9682328936672568
12be8476d3e8_x,12be8476d3e8,x,generated,vertical_bar,vertical_bar,0.9718384341932644
12be8476d3e8_y,12be8476d3e8,y,generated,vertical_bar,vertical_bar,0.0
138eaee90490_x,138eaee90490,x,generated,line,line,1.0
138eaee90490_y,138eaee90490,y,generated,line,line,0.88181479882055
138fb1c43e40_x,138fb1c43e40,x,generated,line,line,1.0
138fb1c43e40_y,138fb1c43e40,y,generated,line,line,0.9613406109166727
13c1a3a25e34_x,13c1a3a25e34,x,generated,line,line,1.0
13c1a3a25e34_y,13c1a3a25e34,y,generated,line,line,0.9541105879955345
13e05acdd02b_x,13e05acdd02b,x,generated,dot,dot,0.608311391606654
13e05acdd02b_y,13e05acdd02b,y,generated,dot,dot,1.0
154ffd30370d_x,154ffd30370d,x,generated,scatter,scatter,0.9981121021544543
154ffd30370d_y,154ffd30370d,y,generated,scatter,scatter,0.9760271571062786
159a395d3ed6_x,159a395d3ed6,x,generated,line,line,1.0
159a395d3ed6_y,159a395d3ed6,y,generated,line,line,0.9824775728386412
163fda34fbc0_x,163fda34fbc0,x,generated,vertical_bar,vertical_bar,1.0
163fda34fbc0_y,163fda34fbc0,y,generated,vertical_bar,vertical_bar,0.650091883371019
166661d65420_x,166661d65420,x,generated,line,line,1.0
166661d65420_y,166661d65420,y,generated,line,line,0.9464024981362973
173e4ef26c48_x,173e4ef26c48,x,generated,line,line,1.0
173e4ef26c48_y,173e4ef26c48,y,generated,line,line,0.9653643269025087
174662b77743_x,174662b77743,x,generated,line,line,1.0
174662b77743_y,174662b77743,y,generated,line,line,0.9715849681022783
18c7e406b59b_x,18c7e406b59b,x,generated,vertical_bar,vertical_bar,1.0
18c7e406b59b_y,18c7e406b59b,y,generated,vertical_bar,vertical_bar,0.989652545620324
18cfe4b6fabd_x,18cfe4b6fabd,x,generated,vertical_bar,vertical_bar,0.9947917137611837
18cfe4b6fabd_y,18cfe4b6fabd,y,generated,vertical_bar,vertical_bar,0.9872090469474561
1a2f1755b77e_x,1a2f1755b77e,x,generated,vertical_bar,vertical_bar,1.0
1a2f1755b77e_y,1a2f1755b77e,y,generated,vertical_bar,vertical_bar,0.9766217737443459
1a8623f42ed5_x,1a8623f42ed5,x,generated,scatter,scatter,0.9976673322333691
1a8623f42ed5_y,1a8623f42ed5,y,generated,scatter,scatter,0.9536612129910604
1aef2dced033_x,1aef2dced033,x,generated,line,line,1.0
1aef2dced033_y,1aef2dced033,y,generated,line,line,0.9681958396773704
1af00c73ca51_x,1af00c73ca51,x,generated,line,line,1.0
1af00c73ca51_y,1af00c73ca51,y,generated,line,line,0.9625633607469781
1b036ba763dc_x,1b036ba763dc,x,generated,scatter,scatter,0.997151050678901
1b036ba763dc_y,1b036ba763dc,y,generated,scatter,scatter,0.9886458948276273
1b10a47a9df0_x,1b10a47a9df0,x,generated,line,line,1.0
1b10a47a9df0_y,1b10a47a9df0,y,generated,line,line,0.9718470456885187
1b78d11a689f_x,1b78d11a689f,x,generated,line,line,1.0
1b78d11a689f_y,1b78d11a689f,y,generated,line,line,0.9600569212263996
1be15d0118be_x,1be15d0118be,x,generated,vertical_bar,vertical_bar,1.0
1be15d0118be_y,1be15d0118be,y,generated,vertical_bar,vertical_bar,0.981860108408894
1ca6a3aa1312_x,1ca6a3aa1312,x,generated,scatter,scatter,0.9951010011338359
1ca6a3aa1312_y,1ca6a3aa1312,y,generated,scatter,scatter,0.7373328331182569
1d4498959154_x,1d4498959154,x,generated,vertical_bar,vertical_bar,1.0
1d4498959154_y,1d4498959154,y,generated,vertical_bar,vertical_bar,0.9893848484107952
1d73347e0fee_x,1d73347e0fee,x,generated,dot,dot,1.0
1d73347e0fee_y,1d73347e0fee,y,generated,dot,dot,1.0
219c9d85dd31_x,219c9d85dd31,x,generated,line,line,0.9935065847725442
219c9d85dd31_y,219c9d85dd31,y,generated,line,line,0.9768115272548201
22ac1944971d_x,22ac1944971d,x,generated,vertical_bar,vertical_bar,1.0
22ac1944971d_y,22ac1944971d,y,generated,vertical_bar,vertical_bar,0.9630477917795823
2651e125dd6b_x,2651e125dd6b,x,generated,line,line,1.0
2651e125dd6b_y,2651e125dd6b,y,generated,line,line,0.9236774299682442
265ca4ba02dc_x,265ca4ba02dc,x,generated,line,line,1.0
265ca4ba02dc_y,265ca4ba02dc,y,generated,line,line,0.9213391402352265
2692bc39bad5_x,2692bc39bad5,x,generated,scatter,scatter,0.993137640295036
2692bc39bad5_y,2692bc39bad5,y,generated,scatter,scatter,0.9794390672909059
26d25358de5c_x,26d25358de5c,x,generated,line,line,1.0
26d25358de5c_y,26d25358de5c,y,generated,line,line,0.33256371856009626
279681882b97_x,279681882b97,x,generated,line,line,1.0
279681882b97_y,279681882b97,y,generated,line,line,0.955789502969894
27dcd16e89d7_x,27dcd16e89d7,x,generated,line,line,1.0
27dcd16e89d7_y,27dcd16e89d7,y,generated,line,line,0.9476609528023279
293c854ae8a6_x,293c854ae8a6,x,generated,vertical_bar,vertical_bar,1.0
293c854ae8a6_y,293c854ae8a6,y,generated,vertical_bar,vertical_bar,0.9739245059294441
2a1c0c671718_x,2a1c0c671718,x,generated,dot,dot,1.0
2a1c0c671718_y,2a1c0c671718,y,generated,dot,dot,1.0
2a8bafb2f9ca_x,2a8bafb2f9ca,x,generated,vertical_bar,vertical_bar,1.0
2a8bafb2f9ca_y,2a8bafb2f9ca,y,generated,vertical_bar,vertical_bar,0.9903107338971975
2b5aa4246cb1_x,2b5aa4246cb1,x,generated,line,line,1.0
2b5aa4246cb1_y,2b5aa4246cb1,y,generated,line,line,0.9373086818581962
2c151cfb19c3_x,2c151cfb19c3,x,generated,scatter,scatter,0.9974971578734979
2c151cfb19c3_y,2c151cfb19c3,y,generated,scatter,scatter,0.9856170077069688
2cb2db312cce_x,2cb2db312cce,x,generated,line,line,1.0
2cb2db312cce_y,2cb2db312cce,y,generated,line,line,0.9352999605713785
2cb60d041517_x,2cb60d041517,x,generated,line,line,1.0
2cb60d041517_y,2cb60d041517,y,generated,line,line,0.8823545671936797
2e12d93b15f4_x,2e12d93b15f4,x,generated,vertical_bar,vertical_bar,1.0
2e12d93b15f4_y,2e12d93b15f4,y,generated,vertical_bar,vertical_bar,0.9628461554526395
2e8d3edee340_x,2e8d3edee340,x,generated,dot,dot,1.0
2e8d3edee340_y,2e8d3edee340,y,generated,dot,dot,1.0
2f6c8cffedf0_x,2f6c8cffedf0,x,generated,vertical_bar,vertical_bar,1.0
2f6c8cffedf0_y,2f6c8cffedf0,y,generated,vertical_bar,vertical_bar,0.9535127415644877
30f659a655e5_x,30f659a655e5,x,generated,vertical_bar,vertical_bar,1.0
30f659a655e5_y,30f659a655e5,y,generated,vertical_bar,vertical_bar,0.9859665516120593
3142971567ef_x,3142971567ef,x,generated,scatter,scatter,0.979418129530844
3142971567ef_y,3142971567ef,y,generated,scatter,scatter,0.6934497751012079
317ae52595e1_x,317ae52595e1,x,generated,vertical_bar,vertical_bar,1.0
317ae52595e1_y,317ae52595e1,y,generated,vertical_bar,vertical_bar,0.9774570869540353
324bd41a6da1_x,324bd41a6da1,x,generated,scatter,scatter,0.9941639895431034
324bd41a6da1_y,324bd41a6da1,y,generated,scatter,scatter,0.9713622509613833
331151c51ad2_x,331151c51ad2,x,generated,vertical_bar,vertical_bar,1.0
331151c51ad2_y,331151c51ad2,y,generated,vertical_bar,vertical_bar,0.9888501837733068
3408e86de10c_x,3408e86de10c,x,generated,line,line,1.0
3408e86de10c_y,3408e86de10c,y,generated,line,line,0.9768197905281284
35a5d18d1e50_x,35a5d18d1e50,x,generated,scatter,scatter,0.9960584683148714
35a5d18d1e50_y,35a5d18d1e50,y,generated,scatter,scatter,0.9839851483637703
35bfde9c1b29_x,35bfde9c1b29,x,generated,vertical_bar,vertical_bar,1.0
35bfde9c1b29_y,35bfde9c1b29,y,generated,vertical_bar,vertical_bar,0.9910138593491031
35f2c4a60c04_x,35f2c4a60c04,x,generated,dot,dot,0.608311391606654
35f2c4a60c04_y,35f2c4a60c04,y,generated,dot,dot,1.0
38998206b7f2_x,38998206b7f2,x,generated,scatter,scatter,0.9975359246068556
38998206b7f2_y,38998206b7f2,y,generated,scatter,scatter,0.9832632157264201
38dd6346ae12_x,38dd6346ae12,x,generated,scatter,scatter,0.9970370905678889
38dd6346ae12_y,38dd6346ae12,y,generated,scatter,scatter,0.6032332005997683
397cc31a9706_x,397cc31a9706,x,generated,vertical_bar,vertical_bar,0.9961832246410061
397cc31a9706_y,397cc31a9706,y,generated,vertical_bar,vertical_bar,0.9793422141088977
3a002242aaca_x,3a002242aaca,x,generated,vertical_bar,vertical_bar,1.0
3a002242aaca_y,3a002242aaca,y,generated,vertical_bar,vertical_bar,0.9769292643632759
3af900290b4e_x,3af900290b4e,x,generated,line,line,1.0
3af900290b4e_y,3af900290b4e,y,generated,line,line,0.9600934151371892
3c02c77571db_x,3c02c77571db,x,generated,scatter,scatter,0.9944375275280795
3c02c77571db_y,3c02c77571db,y,generated,scatter,scatter,0.9410465201379712
3cda0232fbe0_x,3cda0232fbe0,x,generated,line,line,1.0
3cda0232fbe0_y,3cda0232fbe0,y,generated,line,line,0.7681600220765636
3da23e30cb7e_x,3da23e30cb7e,x,generated,scatter,scatter,0.9965117054204875
3da23e30cb7e_y,3da23e30cb7e,y,generated,scatter,scatter,0.0
3dcdb0081c86_x,3dcdb0081c86,x,generated,vertical_bar,vertical_bar,0.9880958004576279
3dcdb0081c86_y,3dcdb0081c86,y,generated,vertical_bar,vertical_bar,0.9811669300230117
3eaa8eb7f550_x,3eaa8eb7f550,x,generated,vertical_bar,vertical_bar,1.0
3eaa8eb7f550_y,3eaa8eb7f550,y,generated,vertical_bar,vertical_bar,0.977195092105281
3f34258b3aca_x,3f34258b3aca,x,generated,scatter,scatter,0.9965069965353963
3f34258b3aca_y,3f34258b3aca,y,generated,scatter,scatter,0.0
41be68127f4b_x,41be68127f4b,x,generated,dot,dot,1.0
41be68127f4b_y,41be68127f4b,y,generated,dot,dot,1.0
42d37ab5f5dd_x,42d37ab5f5dd,x,generated,vertical_bar,vertical_bar,1.0
42d37ab5f5dd_y,42d37ab5f5dd,y,generated,vertical_bar,vertical_bar,0.9883629146875652
42e59a9979f4_x,42e59a9979f4,x,generated,scatter,scatter,0.9967783437691533
42e59a9979f4_y,42e59a9979f4,y,generated,scatter,scatter,0.9884360523323761
437fac340172_x,437fac340172,x,generated,dot,dot,1.0
437fac340172_y,437fac340172,y,generated,dot,dot,1.0
43af397d57bd_x,43af397d57bd,x,generated,scatter,scatter,0.9783894536223838
43af397d57bd_y,43af397d57bd,y,generated,scatter,scatter,0.723208681214329
45d260b86659_x,45d260b86659,x,generated,vertical_bar,vertical_bar,1.0
45d260b86659_y,45d260b86659,y,generated,vertical_bar,vertical_bar,0.9779124965094235
48170e2a6b3c_x,48170e2a6b3c,x,generated,vertical_bar,vertical_bar,1.0
48170e2a6b3c_y,48170e2a6b3c,y,generated,vertical_bar,vertical_bar,0.981610964811626
482c86605071_x,482c86605071,x,generated,scatter,scatter,0.6894161986918308
482c86605071_y,482c86605071,y,generated,scatter,scatter,0.5099702922382494
4855ccc28409_x,4855ccc28409,x,generated,line,line,1.0
4855ccc28409_y,4855ccc28409,y,generated,line,line,0.8940740434710703
48abeac04535_x,48abeac04535,x,generated,line,line,1.0
48abeac04535_y,48abeac04535,y,generated,line,line,0.9839746370571982
48d9915d1f47_x,48d9915d1f47,x,generated,vertical_bar,vertical_bar,0.9803946693359189
48d9915d1f47_y,48d9915d1f47,y,generated,vertical_bar,vertical_bar,0.982556394543435
490e2b746bc3_x,490e2b746bc3,x,generated,vertical_bar,vertical_bar,1.0
490e2b746bc3_y,490e2b746bc3,y,generated,vertical_bar,vertical_bar,0.968732954062844
492fa7fed18c_x,492fa7fed18c,x,generated,vertical_bar,vertical_bar,0.9957983440532154
492fa7fed18c_y,492fa7fed18c,y,generated,vertical_bar,vertical_bar,0.9474357457689229
4978041209e7_x,4978041209e7,x,generated,dot,dot,1.0
4978041209e7_y,4978041209e7,y,generated,dot,dot,1.0
49da2c77e032_x,49da2c77e032,x,generated,line,line,1.0
49da2c77e032_y,49da2c77e032,y,generated,line,line,0.9779008971531331
4b9089b3879d_x,4b9089b3879d,x,generated,line,line,1.0
4b9089b3879d_y,4b9089b3879d,y,generated,line,line,0.9206705049667221
4c1718666313_x,4c1718666313,x,generated,vertical_bar,vertical_bar,1.0
4c1718666313_y,4c1718666313,y,generated,vertical_bar,vertical_bar,0.9603762001178431
4cc8f896cf35_x,4cc8f896cf35,x,generated,line,line,1.0
4cc8f896cf35_y,4cc8f896cf35,y,generated,line,line,0.6707724241940503
4d009854c585_x,4d009854c585,x,generated,vertical_bar,vertical_bar,1.0
4d009854c585_y,4d009854c585,y,generated,vertical_bar,vertical_bar,0.9851502285327107
4d4f543b4818_x,4d4f543b4818,x,generated,vertical_bar,vertical_bar,1.0
4d4f543b4818_y,4d4f543b4818,y,generated,vertical_bar,vertical_bar,0.9667986126012522
4d64ff72cfd5_x,4d64ff72cfd5,x,generated,vertical_bar,vertical_bar,1.0
4d64ff72cfd5_y,4d64ff72cfd5,y,generated,vertical_bar,vertical_bar,0.9649410964596876
4f7e2dbc9695_x,4f7e2dbc9695,x,generated,line,line,1.0
4f7e2dbc9695_y,4f7e2dbc9695,y,generated,line,line,0.972814610122329
4f9ce2aef8c8_x,4f9ce2aef8c8,x,generated,line,line,1.0
4f9ce2aef8c8_y,4f9ce2aef8c8,y,generated,line,line,0.9539848619153615
4ffc0a73725c_x,4ffc0a73725c,x,generated,line,line,0.9880958004576279
4ffc0a73725c_y,4ffc0a73725c,y,generated,line,line,0.5933328350018636
510165c1637d_x,510165c1637d,x,generated,scatter,scatter,0.9981188696487886
510165c1637d_y,510165c1637d,y,generated,scatter,scatter,0.43315400779549806
518a77bca33c_x,518a77bca33c,x,generated,line,line,1.0
518a77bca33c_y,518a77bca33c,y,generated,line,line,0.9708455896673613
526e64e166e8_x,526e64e166e8,x,generated,line,line,1.0
526e64e166e8_y,526e64e166e8,y,generated,line,line,0.9506883491779938
527fb0e48f37_x,527fb0e48f37,x,generated,line,line,1.0
527fb0e48f37_y,527fb0e48f37,y,generated,line,line,0.9757716347636551
52a880a46f74_x,52a880a46f74,x,generated,line,line,1.0
52a880a46f74_y,52a880a46f74,y,generated,line,line,0.9227485215722859
53cfa15c9ba0_x,53cfa15c9ba0,x,generated,line,line,1.0
53cfa15c9ba0_y,53cfa15c9ba0,y,generated,line,line,0.9554255648242369
54537fcf6121_x,54537fcf6121,x,generated,vertical_bar,vertical_bar,0.9945652708994801
54537fcf6121_y,54537fcf6121,y,generated,vertical_bar,vertical_bar,0.4925443239809921
54ad4d7f6386_x,54ad4d7f6386,x,generated,line,line,1.0
54ad4d7f6386_y,54ad4d7f6386,y,generated,line,line,0.9242836337809328
54f6ac77c83f_x,54f6ac77c83f,x,generated,vertical_bar,vertical_bar,0.9951456691985043
54f6ac77c83f_y,54f6ac77c83f,y,generated,vertical_bar,vertical_bar,0.9869850711951189
555dfefb0286_x,555dfefb0286,x,generated,vertical_bar,vertical_bar,1.0
555dfefb0286_y,555dfefb0286,y,generated,vertical_bar,vertical_bar,0.9786116458107299
58d87a2a07bb_x,58d87a2a07bb,x,generated,line,line,1.0
58d87a2a07bb_y,58d87a2a07bb,y,generated,line,line,0.8381082398328443
5923a672f649_x,5923a672f649,x,generated,vertical_bar,vertical_bar,1.0
5923a672f649_y,5923a672f649,y,generated,vertical_bar,vertical_bar,0.993143203013209
592a4985335f_x,592a4985335f,x,generated,dot,dot,0.9615574155787838
592a4985335f_y,592a4985335f,y,generated,dot,dot,1.0
599d8dbcdf5a_x,599d8dbcdf5a,x,generated,scatter,scatter,0.0
599d8dbcdf5a_y,599d8dbcdf5a,y,generated,scatter,scatter,0.0
5a492c9f5edf_x,5a492c9f5edf,x,generated,line,line,1.0
5a492c9f5edf_y,5a492c9f5edf,y,generated,line,line,0.962259320198297
5a5396954a05_x,5a5396954a05,x,generated,vertical_bar,vertical_bar,1.0
5a5396954a05_y,5a5396954a05,y,generated,vertical_bar,vertical_bar,0.9801248872650781
5aef1b8f1ba8_x,5aef1b8f1ba8,x,generated,scatter,scatter,0.9968033619479708
5aef1b8f1ba8_y,5aef1b8f1ba8,y,generated,scatter,scatter,0.983560315183738
5af780575b5e_x,5af780575b5e,x,generated,vertical_bar,vertical_bar,1.0
5af780575b5e_y,5af780575b5e,y,generated,vertical_bar,vertical_bar,0.9213844371811879
5b952ca72679_x,5b952ca72679,x,generated,vertical_bar,vertical_bar,0.9948454064777021
5b952ca72679_y,5b952ca72679,y,generated,vertical_bar,vertical_bar,0.9849066704192115
5d00d16622f7_x,5d00d16622f7,x,generated,dot,dot,0.9687601685539688
5d00d16622f7_y,5d00d16622f7,y,generated,dot,dot,1.0
5edd180f1e71_x,5edd180f1e71,x,generated,line,line,1.0
5edd180f1e71_y,5edd180f1e71,y,generated,line,line,0.7906872599568522
5fc8297b5ab8_x,5fc8297b5ab8,x,generated,line,line,1.0
5fc8297b5ab8_y,5fc8297b5ab8,y,generated,line,line,0.9851853502582346
6012236a6dd1_x,6012236a6dd1,x,generated,vertical_bar,vertical_bar,1.0
6012236a6dd1_y,6012236a6dd1,y,generated,vertical_bar,vertical_bar,0.9800530129217402
606dd66cb801_x,606dd66cb801,x,generated,vertical_bar,vertical_bar,1.0
606dd66cb801_y,606dd66cb801,y,generated,vertical_bar,vertical_bar,0.9256032482411582
61f734ed9041_x,61f734ed9041,x,generated,line,line,1.0
61f734ed9041_y,61f734ed9041,y,generated,line,line,0.9618703194105926
62511fdeb7be_x,62511fdeb7be,x,generated,scatter,scatter,0.995875997864692
62511fdeb7be_y,62511fdeb7be,y,generated,scatter,scatter,0.0
6274b7d4a317_x,6274b7d4a317,x,generated,scatter,scatter,0.9049557409776865
6274b7d4a317_y,6274b7d4a317,y,generated,scatter,scatter,0.4444198161503017
62a3fe9b5be1_x,62a3fe9b5be1,x,generated,dot,dot,0.5544240267375509
62a3fe9b5be1_y,62a3fe9b5be1,y,generated,dot,dot,1.0
642a784a0b24_x,642a784a0b24,x,generated,vertical_bar,vertical_bar,1.0
642a784a0b24_y,642a784a0b24,y,generated,vertical_bar,vertical_bar,0.9758607124864227
64af29c4f33e_x,64af29c4f33e,x,generated,dot,dot,1.0
64af29c4f33e_y,64af29c4f33e,y,generated,dot,dot,1.0
64cff7380c60_x,64cff7380c60,x,generated,line,line,1.0
64cff7380c60_y,64cff7380c60,y,generated,line,line,0.9620609840259575
65adac923ee2_x,65adac923ee2,x,generated,vertical_bar,vertical_bar,0.9928572643318261
65adac923ee2_y,65adac923ee2,y,generated,vertical_bar,vertical_bar,0.9947519042125352
67634a9888d9_x,67634a9888d9,x,generated,vertical_bar,vertical_bar,1.0
67634a9888d9_y,67634a9888d9,y,generated,vertical_bar,vertical_bar,0.9472461748769716
6839aafcf23e_x,6839aafcf23e,x,generated,dot,dot,0.5765215066107572
6839aafcf23e_y,6839aafcf23e,y,generated,dot,dot,1.0
686d11b69af6_x,686d11b69af6,x,generated,line,line,1.0
686d11b69af6_y,686d11b69af6,y,generated,line,line,0.9853236001475507
68df0d7f14f2_x,68df0d7f14f2,x,generated,dot,dot,1.0
68df0d7f14f2_y,68df0d7f14f2,y,generated,dot,dot,1.0
68ef6817f4ac_x,68ef6817f4ac,x,generated,vertical_bar,vertical_bar,1.0
68ef6817f4ac_y,68ef6817f4ac,y,generated,vertical_bar,vertical_bar,0.9873467353446721
692eca418b94_x,692eca418b94,x,generated,line,line,1.0
692eca418b94_y,692eca418b94,y,generated,line,line,0.7369019037688052
697d4a63622e_x,697d4a63622e,x,generated,scatter,scatter,0.9939969570524627
697d4a63622e_y,697d4a63622e,y,generated,scatter,scatter,0.5189486458289598
69a4a10c89d5_x,69a4a10c89d5,x,generated,vertical_bar,vertical_bar,1.0
69a4a10c89d5_y,69a4a10c89d5,y,generated,vertical_bar,vertical_bar,0.987803879047066
69acf5ef77a2_x,69acf5ef77a2,x,generated,scatter,scatter,0.996905024126904
69acf5ef77a2_y,69acf5ef77a2,y,generated,scatter,scatter,0.0
6a3d68d554b6_x,6a3d68d554b6,x,generated,dot,dot,1.0
6a3d68d554b6_y,6a3d68d554b6,y,generated,dot,dot,1.0
6b66d7d6197b_x,6b66d7d6197b,x,generated,vertical_bar,vertical_bar,1.0
6b66d7d6197b_y,6b66d7d6197b,y,generated,vertical_bar,vertical_bar,0.9821031556718307
6d7dda3f8492_x,6d7dda3f8492,x,generated,vertical_bar,vertical_bar,1.0
6d7dda3f8492_y,6d7dda3f8492,y,generated,vertical_bar,vertical_bar,0.9667310607541328
6e6f6eff31da_x,6e6f6eff31da,x,generated,line,line,1.0
6e6f6eff31da_y,6e6f6eff31da,y,generated,line,line,0.9193139512182771
6fbe1bca34eb_x,6fbe1bca34eb,x,generated,line,line,1.0
6fbe1bca34eb_y,6fbe1bca34eb,y,generated,line,line,0.9735261020367489
73426614082b_x,73426614082b,x,generated,scatter,scatter,0.9947781063724581
73426614082b_y,73426614082b,y,generated,scatter,scatter,0.0
73929597f112_x,73929597f112,x,generated,dot,dot,1.0
73929597f112_y,73929597f112,y,generated,dot,dot,1.0
7510f57dcff8_x,7510f57dcff8,x,generated,scatter,scatter,0.0
7510f57dcff8_y,7510f57dcff8,y,generated,scatter,scatter,0.0
758cb5705f4b_x,758cb5705f4b,x,generated,line,line,1.0
758cb5705f4b_y,758cb5705f4b,y,generated,line,line,0.9612270411843447
75a284995042_x,75a284995042,x,generated,scatter,scatter,0.9946172653145511
75a284995042_y,75a284995042,y,generated,scatter,scatter,0.0
75acb35b82b5_x,75acb35b82b5,x,generated,dot,dot,1.0
75acb35b82b5_y,75acb35b82b5,y,generated,dot,dot,1.0
765e082889fd_x,765e082889fd,x,generated,vertical_bar,vertical_bar,1.0
765e082889fd_y,765e082889fd,y,generated,vertical_bar,vertical_bar,0.985525972279409
76cad010c041_x,76cad010c041,x,generated,line,line,1.0
76cad010c041_y,76cad010c041,y,generated,line,line,0.9757326919433749
77b0e25dc983_x,77b0e25dc983,x,generated,scatter,scatter,0.9557638040564358
77b0e25dc983_y,77b0e25dc983,y,generated,scatter,scatter,0.6729567092780728
77c97bf86aeb_x,77c97bf86aeb,x,generated,vertical_bar,vertical_bar,1.0
77c97bf86aeb_y,77c97bf86aeb,y,generated,vertical_bar,vertical_bar,0.9699314424154895
788258f2cd94_x,788258f2cd94,x,generated,line,line,1.0
788258f2cd94_y,788258f2cd94,y,generated,line,line,0.9646416507066076
78d23d0f415d_x,78d23d0f415d,x,generated,vertical_bar,vertical_bar,1.0
78d23d0f415d_y,78d23d0f415d,y,generated,vertical_bar,vertical_bar,0.9923150525795088
790b4174c311_x,790b4174c311,x,generated,vertical_bar,vertical_bar,1.0
790b4174c311_y,790b4174c311,y,generated,vertical_bar,vertical_bar,0.9863557814198156
7935c6b9d035_x,7935c6b9d035,x,generated,line,line,1.0
7935c6b9d035_y,7935c6b9d035,y,generated,line,line,0.9652001409299198
799c0e33bdb9_x,799c0e33bdb9,x,generated,scatter,scatter,0.9967471080034132
799c0e33bdb9_y,799c0e33bdb9,y,generated,scatter,scatter,0.9749193479410367
79eb99016d87_x,79eb99016d87,x,generated,line,line,1.0
79eb99016d87_y,79eb99016d87,y,generated,line,line,0.9260132452719017
7a70661390a0_x,7a70661390a0,x,generated,vertical_bar,vertical_bar,1.0
7a70661390a0_y,7a70661390a0,y,generated,vertical_bar,vertical_bar,0.9910468828977907
7bb86224859f_x,7bb86224859f,x,generated,dot,dot,0.5544240267375509
7bb86224859f_y,7bb86224859f,y,generated,dot,dot,1.0
7c0dcc5c6937_x,7c0dcc5c6937,x,generated,line,line,1.0
7c0dcc5c6937_y,7c0dcc5c6937,y,generated,line,line,0.9691848705105719
7c93da31f3d5_x,7c93da31f3d5,x,generated,scatter,scatter,0.9969374899868535
7c93da31f3d5_y,7c93da31f3d5,y,generated,scatter,scatter,0.991248780980408
7cd3ffdcb88a_x,7cd3ffdcb88a,x,generated,dot,dot,1.0
7cd3ffdcb88a_y,7cd3ffdcb88a,y,generated,dot,dot,1.0
7d1c233f4738_x,7d1c233f4738,x,generated,line,line,1.0
7d1c233f4738_y,7d1c233f4738,y,generated,line,line,0.20591056622897974
7d2b73f58135_x,7d2b73f58135,x,generated,vertical_bar,vertical_bar,1.0
7d2b73f58135_y,7d2b73f58135,y,generated,vertical_bar,vertical_bar,0.9879969185063868
7e2a9a5ca703_x,7e2a9a5ca703,x,generated,scatter,scatter,0.0
7e2a9a5ca703_y,7e2a9a5ca703,y,generated,scatter,scatter,0.0
7e645937cf5e_x,7e645937cf5e,x,generated,vertical_bar,vertical_bar,1.0
7e645937cf5e_y,7e645937cf5e,y,generated,vertical_bar,vertical_bar,0.853353462808121
7e9051e48b46_x,7e9051e48b46,x,generated,line,line,1.0
7e9051e48b46_y,7e9051e48b46,y,generated,line,line,0.9285859409552952
7fa3e6de52d0_x,7fa3e6de52d0,x,generated,dot,dot,1.0
7fa3e6de52d0_y,7fa3e6de52d0,y,generated,dot,dot,1.0
7ff00dba2c62_x,7ff00dba2c62,x,generated,vertical_bar,vertical_bar,1.0
7ff00dba2c62_y,7ff00dba2c62,y,generated,vertical_bar,vertical_bar,0.9929848501172329
80aa07a3f932_x,80aa07a3f932,x,generated,line,line,1.0
80aa07a3f932_y,80aa07a3f932,y,generated,line,line,0.6840804614987357
80af8f2cbb48_x,80af8f2cbb48,x,generated,vertical_bar,vertical_bar,1.0
80af8f2cbb48_y,80af8f2cbb48,y,generated,vertical_bar,vertical_bar,0.9858753782902379
81b85ad5b196_x,81b85ad5b196,x,generated,line,line,1.0
81b85ad5b196_y,81b85ad5b196,y,generated,line,line,0.9715022339495938
822fda7c39da_x,822fda7c39da,x,generated,line,line,1.0
822fda7c39da_y,822fda7c39da,y,generated,line,line,0.9792959765282099
82bec0c6596f_x,82bec0c6596f,x,generated,vertical_bar,vertical_bar,1.0
82bec0c6596f_y,82bec0c6596f,y,generated,vertical_bar,vertical_bar,0.9891438946032951
82ded7e6f476_x,82ded7e6f476,x,generated,vertical_bar,vertical_bar,1.0
82ded7e6f476_y,82ded7e6f476,y,generated,vertical_bar,vertical_bar,0.0
82f4a82bfc1b_x,82f4a82bfc1b,x,generated,line,line,1.0
82f4a82bfc1b_y,82f4a82bfc1b,y,generated,line,line,0.9628416131292041
82f93d3b7c61_x,82f93d3b7c61,x,generated,vertical_bar,vertical_bar,1.0
82f93d3b7c61_y,82f93d3b7c61,y,generated,vertical_bar,vertical_bar,0.9637949743797833
85dca1def503_x,85dca1def503,x,generated,line,line,1.0
85dca1def503_y,85dca1def503,y,generated,line,line,0.9496207190222496
86c51d5b16b2_x,86c51d5b16b2,x,generated,line,line,1.0
86c51d5b16b2_y,86c51d5b16b2,y,generated,line,line,0.9225617550339253
875edca46615_x,875edca46615,x,generated,vertical_bar,vertical_bar,1.0
875edca46615_y,875edca46615,y,generated,vertical_bar,vertical_bar,0.9976517309628674
887b2d6f7d82_x,887b2d6f7d82,x,generated,line,line,1.0
887b2d6f7d82_y,887b2d6f7d82,y,generated,line,line,0.9226481527636858
88f394cd6108_x,88f394cd6108,x,generated,line,line,1.0
88f394cd6108_y,88f394cd6108,y,generated,line,line,0.9332796275273716
89226fbb74b2_x,89226fbb74b2,x,generated,line,line,1.0
89226fbb74b2_y,89226fbb74b2,y,generated,line,line,0.9191973418830486
897d981da146_x,897d981da146,x,generated,scatter,scatter,0.9969161336694567
897d981da146_y,897d981da146,y,generated,scatter,scatter,0.0
8a8a3c76f084_x,8a8a3c76f084,x,generated,vertical_bar,vertical_bar,1.0
8a8a3c76f084_y,8a8a3c76f084,y,generated,vertical_bar,vertical_bar,0.9726041222071553
8b2819bff00f_x,8b2819bff00f,x,generated,scatter,scatter,0.9962414924084511
8b2819bff00f_y,8b2819bff00f,y,generated,scatter,scatter,0.3336355835374878
8b57798f0aed_x,8b57798f0aed,x,generated,line,line,1.0
8b57798f0aed_y,8b57798f0aed,y,generated,line,line,0.9312641226181668
8d3f0b64139e_x,8d3f0b64139e,x,generated,line,line,1.0
8d3f0b64139e_y,8d3f0b64139e,y,generated,line,line,0.2896974564873944
8e028e71abc7_x,8e028e71abc7,x,generated,vertical_bar,vertical_bar,0.976194974324653
8e028e71abc7_y,8e028e71abc7,y,generated,vertical_bar,vertical_bar,0.9855526235122434
8e8bd70211a6_x,8e8bd70211a6,x,generated,line,line,1.0
8e8bd70211a6_y,8e8bd70211a6,y,generated,line,line,0.9642011586381878
8f3485c69881_x,8f3485c69881,x,generated,line,line,1.0
8f3485c69881_y,8f3485c69881,y,generated,line,line,0.9681802950229184
8faa9979c713_x,8faa9979c713,x,generated,line,line,1.0
8faa9979c713_y,8faa9979c713,y,generated,line,line,0.9645343444582233
924625832728_x,924625832728,x,generated,line,line,1.0
924625832728_y,924625832728,y,generated,line,line,0.9513212086400884
92ccb7ac096c_x,92ccb7ac096c,x,generated,vertical_bar,vertical_bar,1.0
92ccb7ac096c_y,92ccb7ac096c,y,generated,vertical_bar,vertical_bar,0.9870374705144487
931baf6a272f_x,931baf6a272f,x,generated,line,line,1.0
931baf6a272f_y,931baf6a272f,y,generated,line,line,0.9823928949066643
9327ac928a50_x,9327ac928a50,x,generated,line,line,1.0
9327ac928a50_y,9327ac928a50,y,generated,line,line,0.9457911232041794
9356f9b0173e_x,9356f9b0173e,x,generated,vertical_bar,vertical_bar,1.0
9356f9b0173e_y,9356f9b0173e,y,generated,vertical_bar,vertical_bar,0.9607991986996418
94c68d8f5667_x,94c68d8f5667,x,generated,vertical_bar,vertical_bar,1.0
94c68d8f5667_y,94c68d8f5667,y,generated,vertical_bar,vertical_bar,0.9897210925860687
9555f79af67a_x,9555f79af67a,x,generated,line,line,1.0
9555f79af67a_y,9555f79af67a,y,generated,line,line,0.9454269063150182
97540f1f76a2_x,97540f1f76a2,x,generated,line,line,0.9964285866131393
97540f1f76a2_y,97540f1f76a2,y,generated,line,line,0.9505983362096551
97f67cb1c83a_x,97f67cb1c83a,x,generated,vertical_bar,vertical_bar,1.0
97f67cb1c83a_y,97f67cb1c83a,y,generated,vertical_bar,vertical_bar,0.9852198260317928
97f8ddb52331_x,97f8ddb52331,x,generated,scatter,scatter,0.9964504364596947
97f8ddb52331_y,97f8ddb52331,y,generated,scatter,scatter,0.0
98824e57bce8_x,98824e57bce8,x,generated,line,line,1.0
98824e57bce8_y,98824e57bce8,y,generated,line,line,0.9781890472718182
98b954eae239_x,98b954eae239,x,generated,vertical_bar,vertical_bar,1.0
98b954eae239_y,98b954eae239,y,generated,vertical_bar,vertical_bar,0.974700952393112
992524e6b688_x,992524e6b688,x,generated,line,line,1.0
992524e6b688_y,992524e6b688,y,generated,line,line,0.9324167323372394
9a1d82a4e171_x,9a1d82a4e171,x,generated,line,line,1.0
9a1d82a4e171_y,9a1d82a4e171,y,generated,line,line,0.9105592596153746
9a1df494bc6f_x,9a1df494bc6f,x,generated,vertical_bar,vertical_bar,1.0
9a1df494bc6f_y,9a1df494bc6f,y,generated,vertical_bar,vertical_bar,0.9828238955538142
9a2e1f73368c_x,9a2e1f73368c,x,generated,vertical_bar,vertical_bar,1.0
9a2e1f73368c_y,9a2e1f73368c,y,generated,vertical_bar,vertical_bar,0.9826403355481534
9a8121e0fd56_x,9a8121e0fd56,x,generated,line,line,1.0
9a8121e0fd56_y,9a8121e0fd56,y,generated,line,line,0.9640948003744392
9adba87a8060_x,9adba87a8060,x,generated,line,line,1.0
9adba87a8060_y,9adba87a8060,y,generated,line,line,0.9494777902445524
9be32d5653d8_x,9be32d5653d8,x,generated,line,line,1.0
9be32d5653d8_y,9be32d5653d8,y,generated,line,line,0.9570722585324214
9be81c8cdc0d_x,9be81c8cdc0d,x,generated,vertical_bar,vertical_bar,0.9948454064777021
9be81c8cdc0d_y,9be81c8cdc0d,y,generated,vertical_bar,vertical_bar,0.9729793386656573
9c4dbbbc667c_x,9c4dbbbc667c,x,generated,vertical_bar,vertical_bar,1.0
9c4dbbbc667c_y,9c4dbbbc667c,y,generated,vertical_bar,vertical_bar,0.9827682235048509
9d58fc7d5e57_x,9d58fc7d5e57,x,generated,vertical_bar,vertical_bar,0.9583574292545141
9d58fc7d5e57_y,9d58fc7d5e57,y,generated,vertical_bar,vertical_bar,0.985160454585515
9d9816c498b6_x,9d9816c498b6,x,generated,line,line,1.0
9d9816c498b6_y,9d9816c498b6,y,generated,line,line,0.9819509016156889
9ecd291e8d75_x,9ecd291e8d75,x,generated,vertical_bar,vertical_bar,1.0
9ecd291e8d75_y,9ecd291e8d75,y,generated,vertical_bar,vertical_bar,0.9880879488358112
9f07b2fd1047_x,9f07b2fd1047,x,generated,line,line,1.0
9f07b2fd1047_y,9f07b2fd1047,y,generated,line,line,0.8819118907276902
9f98bb5156fe_x,9f98bb5156fe,x,generated,line,line,1.0
9f98bb5156fe_y,9f98bb5156fe,y,generated,line,line,0.9410704722232355
9fd18e307d2b_x,9fd18e307d2b,x,generated,line,line,1.0
9fd18e307d2b_y,9fd18e307d2b,y,generated,line,line,0.8886518069454963
a0ade5772ba7_x,a0ade5772ba7,x,generated,line,line,1.0
a0ade5772ba7_y,a0ade5772ba7,y,generated,line,line,0.0
a129ee9e8146_x,a129ee9e8146,x,generated,line,line,1.0
a129ee9e8146_y,a129ee9e8146,y,generated,line,line,0.9312957547375313
a1dadb59b62f_x,a1dadb59b62f,x,generated,scatter,scatter,0.9976886529209994
a1dadb59b62f_y,a1dadb59b62f,y,generated,scatter,scatter,0.9865667031433512
a1ef27962868_x,a1ef27962868,x,generated,vertical_bar,vertical_bar,0.9954128762107382
a1ef27962868_y,a1ef27962868,y,generated,vertical_bar,vertical_bar,0.9666332584381057
a2028ef5bbc7_x,a2028ef5bbc7,x,generated,line,line,0.0
a2028ef5bbc7_y,a2028ef5bbc7,y,generated,line,line,0.0
a419ead85223_x,a419ead85223,x,generated,scatter,scatter,0.9718636325078813
a419ead85223_y,a419ead85223,y,generated,scatter,scatter,0.39317633777830885
a467b358a9cf_x,a467b358a9cf,x,generated,vertical_bar,vertical_bar,1.0
a467b358a9cf_y,a467b358a9cf,y,generated,vertical_bar,vertical_bar,0.9755896506867814
a55d4495ae63_x,a55d4495ae63,x,generated,line,line,1.0
a55d4495ae63_y,a55d4495ae63,y,generated,line,line,0.9910932044030598
a5633fd225aa_x,a5633fd225aa,x,generated,line,line,1.0
a5633fd225aa_y,a5633fd225aa,y,generated,line,line,0.9577340110604273
a573294eef42_x,a573294eef42,x,generated,vertical_bar,vertical_bar,0.9944445015996601
a573294eef42_y,a573294eef42,y,generated,vertical_bar,vertical_bar,0.9767312632100715
a5fc04d9290e_x,a5fc04d9290e,x,generated,line,line,1.0
a5fc04d9290e_y,a5fc04d9290e,y,generated,line,line,0.5121908413357832
a696beaa1590_x,a696beaa1590,x,generated,vertical_bar,vertical_bar,1.0
a696beaa1590_y,a696beaa1590,y,generated,vertical_bar,vertical_bar,0.9750106993811483
a7fbdbf32cb2_x,a7fbdbf32cb2,x,generated,dot,dot,1.0
a7fbdbf32cb2_y,a7fbdbf32cb2,y,generated,dot,dot,1.0
a84eef74f03a_x,a84eef74f03a,x,generated,line,line,1.0
a84eef74f03a_y,a84eef74f03a,y,generated,line,line,0.9540225048784259
a8cee98a0f10_x,a8cee98a0f10,x,generated,vertical_bar,vertical_bar,0.9957983440532154
a8cee98a0f10_y,a8cee98a0f10,y,generated,vertical_bar,vertical_bar,0.9530153279783613
a9dfaa414b22_x,a9dfaa414b22,x,generated,vertical_bar,vertical_bar,1.0
a9dfaa414b22_y,a9dfaa414b22,y,generated,vertical_bar,vertical_bar,0.9321722087263391
aa7ab741e5ec_x,aa7ab741e5ec,x,generated,line,line,1.0
aa7ab741e5ec_y,aa7ab741e5ec,y,generated,line,line,0.9252989366146473
aad6b2ed9460_x,aad6b2ed9460,x,generated,line,line,1.0
aad6b2ed9460_y,aad6b2ed9460,y,generated,line,line,0.9856350865992269
ab9d10aaed45_x,ab9d10aaed45,x,generated,line,line,1.0
ab9d10aaed45_y,ab9d10aaed45,y,generated,line,line,0.931706248783559
abc365f1d020_x,abc365f1d020,x,generated,vertical_bar,vertical_bar,1.0
abc365f1d020_y,abc365f1d020,y,generated,vertical_bar,vertical_bar,0.9828918249007803
ad5c403eb710_x,ad5c403eb710,x,generated,line,line,1.0
ad5c403eb710_y,ad5c403eb710,y,generated,line,line,0.9886800325821254
ad94e0fd126f_x,ad94e0fd126f,x,generated,scatter,scatter,0.9978591522506888
ad94e0fd126f_y,ad94e0fd126f,y,generated,scatter,scatter,0.9869304686855167
ae72adb21b7d_x,ae72adb21b7d,x,generated,scatter,scatter,0.0
ae72adb21b7d_y,ae72adb21b7d,y,generated,scatter,scatter,0.0
aeac0cafdc6f_x,aeac0cafdc6f,x,generated,line,line,1.0
aeac0cafdc6f_y,aeac0cafdc6f,y,generated,line,line,0.9619783717468404
aef14aaae2a9_x,aef14aaae2a9,x,generated,scatter,scatter,0.9962572979288424
aef14aaae2a9_y,aef14aaae2a9,y,generated,scatter,scatter,0.9816244980605651
af6100542f2a_x,af6100542f2a,x,generated,line,line,1.0
af6100542f2a_y,af6100542f2a,y,generated,line,line,0.9096205318257897
afa673300a27_x,afa673300a27,x,generated,dot,dot,1.0
afa673300a27_y,afa673300a27,y,generated,dot,dot,1.0
b0e5516697ee_x,b0e5516697ee,x,generated,line,line,1.0
b0e5516697ee_y,b0e5516697ee,y,generated,line,line,0.3678200723210687
b1315139f330_x,b1315139f330,x,generated,dot,dot,1.0
b1315139f330_y,b1315139f330,y,generated,dot,dot,1.0
b1709b030b1c_x,b1709b030b1c,x,generated,scatter,scatter,0.9962644973143608
b1709b030b1c_y,b1709b030b1c,y,generated,scatter,scatter,0.9375680262543655
b1dd18d48b11_x,b1dd18d48b11,x,generated,vertical_bar,vertical_bar,1.0
b1dd18d48b11_y,b1dd18d48b11,y,generated,vertical_bar,vertical_bar,0.9517251152359063
b1f10b2105d6_x,b1f10b2105d6,x,generated,vertical_bar,vertical_bar,1.0
b1f10b2105d6_y,b1f10b2105d6,y,generated,vertical_bar,vertical_bar,0.9862453921919736
b2463f3d2240_x,b2463f3d2240,x,generated,line,line,1.0
b2463f3d2240_y,b2463f3d2240,y,generated,line,line,0.9744488944884095
b2a4c6eeabe8_x,b2a4c6eeabe8,x,generated,line,line,1.0
b2a4c6eeabe8_y,b2a4c6eeabe8,y,generated,line,line,0.9650703016773734
b2e6e8dea310_x,b2e6e8dea310,x,generated,scatter,scatter,0.990497354438528
b2e6e8dea310_y,b2e6e8dea310,y,generated,scatter,scatter,0.992607854985583
b4da30b39a51_x,b4da30b39a51,x,generated,line,line,0.9962963132312912
b4da30b39a51_y,b4da30b39a51,y,generated,line,line,0.9303476582790571
b523a744c691_x,b523a744c691,x,generated,line,line,1.0
b523a744c691_y,b523a744c691,y,generated,line,line,0.9563673633452057
b542481c060e_x,b542481c060e,x,generated,line,line,1.0
b542481c060e_y,b542481c060e,y,generated,line,line,0.8697870360480457
b63a7eac57bd_x,b63a7eac57bd,x,generated,dot,dot,0.5544240267375509
b63a7eac57bd_y,b63a7eac57bd,y,generated,dot,dot,1.0
b70ebcd986f6_x,b70ebcd986f6,x,generated,vertical_bar,vertical_bar,1.0
b70ebcd986f6_y,b70ebcd986f6,y,generated,vertical_bar,vertical_bar,0.9206537534414039
b90abc80a795_x,b90abc80a795,x,generated,line,line,1.0
b90abc80a795_y,b90abc80a795,y,generated,line,line,0.9316719458590514
bb0d27b76759_x,bb0d27b76759,x,generated,vertical_bar,vertical_bar,1.0
bb0d27b76759_y,bb0d27b76759,y,generated,vertical_bar,vertical_bar,0.9861144769267627
bb49ada21ade_x,bb49ada21ade,x,generated,vertical_bar,vertical_bar,1.0
bb49ada21ade_y,bb49ada21ade,y,generated,vertical_bar,vertical_bar,0.9890736604757993
bbd53303bf7d_x,bbd53303bf7d,x,generated,line,line,1.0
bbd53303bf7d_y,bbd53303bf7d,y,generated,line,line,0.9767293214307093
bc4230990a89_x,bc4230990a89,x,generated,vertical_bar,vertical_bar,0.9876549481748913
bc4230990a89_y,bc4230990a89,y,generated,vertical_bar,vertical_bar,0.9802319494917795
bc4a222e0a87_x,bc4a222e0a87,x,generated,line,line,1.0
bc4a222e0a87_y,bc4a222e0a87,y,generated,line,line,0.9230383073822783
bce345b5e82c_x,bce345b5e82c,x,generated,line,line,1.0
bce345b5e82c_y,bce345b5e82c,y,generated,line,line,0.9373861637632501
bd14a1e1c1c0_x,bd14a1e1c1c0,x,generated,line,line,1.0
bd14a1e1c1c0_y,bd14a1e1c1c0,y,generated,line,line,0.9700524840530624
bd41d50852c3_x,bd41d50852c3,x,generated,vertical_bar,vertical_bar,0.9957627372238442
bd41d50852c3_y,bd41d50852c3,y,generated,vertical_bar,vertical_bar,0.8289080781655447
bdf9a120fc9e_x,bdf9a120fc9e,x,generated,vertical_bar,vertical_bar,1.0
bdf9a120fc9e_y,bdf9a120fc9e,y,generated,vertical_bar,vertical_bar,0.9762664380020067
be34edb96374_x,be34edb96374,x,generated,line,line,1.0
be34edb96374_y,be34edb96374,y,generated,line,line,0.8950539958191603
be644f54e278_x,be644f54e278,x,generated,scatter,scatter,0.9971374056333591
be644f54e278_y,be644f54e278,y,generated,scatter,scatter,0.9870113265804643
befdcdbd7839_x,befdcdbd7839,x,generated,line,line,1.0
befdcdbd7839_y,befdcdbd7839,y,generated,line,line,0.9692623768302473
befe932f4fe9_x,befe932f4fe9,x,generated,line,line,1.0
befe932f4fe9_y,befe932f4fe9,y,generated,line,line,0.9651349811855727
bf2ba599a871_x,bf2ba599a871,x,generated,line,line,1.0
bf2ba599a871_y,bf2ba599a871,y,generated,line,line,0.9554239911766822
c013eaff38f8_x,c013eaff38f8,x,generated,scatter,scatter,0.9954964625464167
c013eaff38f8_y,c013eaff38f8,y,generated,scatter,scatter,0.0
c04b38754e88_x,c04b38754e88,x,generated,line,line,1.0
c04b38754e88_y,c04b38754e88,y,generated,line,line,0.9863701252851591
c05e91508dc6_x,c05e91508dc6,x,generated,scatter,scatter,0.9981944745149895
c05e91508dc6_y,c05e91508dc6,y,generated,scatter,scatter,0.0
c0a34ee55f56_x,c0a34ee55f56,x,generated,scatter,scatter,0.9594207660994587
c0a34ee55f56_y,c0a34ee55f56,y,generated,scatter,scatter,0.4838413305385172
c0ef79c5214c_x,c0ef79c5214c,x,generated,scatter,scatter,0.0
c0ef79c5214c_y,c0ef79c5214c,y,generated,scatter,scatter,0.0
c2390bd5182f_x,c2390bd5182f,x,generated,vertical_bar,vertical_bar,1.0
c2390bd5182f_y,c2390bd5182f,y,generated,vertical_bar,vertical_bar,0.9872794600590735
c25ee442ed0d_x,c25ee442ed0d,x,generated,line,line,1.0
c25ee442ed0d_y,c25ee442ed0d,y,generated,line,line,0.9772079982161348
c262525124f0_x,c262525124f0,x,generated,line,line,1.0
c262525124f0_y,c262525124f0,y,generated,line,line,0.9844303043380898
c33ac4265a26_x,c33ac4265a26,x,generated,scatter,scatter,0.9901746163070622
c33ac4265a26_y,c33ac4265a26,y,generated,scatter,scatter,0.9890950073630067
c386229c5b33_x,c386229c5b33,x,generated,scatter,scatter,0.9979978269637089
c386229c5b33_y,c386229c5b33,y,generated,scatter,scatter,0.0
c3a52bd37de8_x,c3a52bd37de8,x,generated,dot,dot,0.9895837100772054
c3a52bd37de8_y,c3a52bd37de8,y,generated,dot,dot,1.0
c3dc98536ae5_x,c3dc98536ae5,x,generated,line,line,1.0
c3dc98536ae5_y,c3dc98536ae5,y,generated,line,line,0.9333769128905485
c4e6226a6238_x,c4e6226a6238,x,generated,scatter,scatter,0.9894441719393778
c4e6226a6238_y,c4e6226a6238,y,generated,scatter,scatter,0.983295303070653
c5187703a369_x,c5187703a369,x,generated,dot,dot,1.0
c5187703a369_y,c5187703a369,y,generated,dot,dot,1.0
c5462d6b0c26_x,c5462d6b0c26,x,generated,line,line,0.9956140632113162
c5462d6b0c26_y,c5462d6b0c26,y,generated,line,line,0.9704605398825437
c61418e06a0e_x,c61418e06a0e,x,generated,line,line,1.0
c61418e06a0e_y,c61418e06a0e,y,generated,line,line,0.7669371672893817
c66031c30241_x,c66031c30241,x,generated,line,line,1.0
c66031c30241_y,c66031c30241,y,generated,line,line,0.9619330998405051
c6ab389cc82a_x,c6ab389cc82a,x,generated,vertical_bar,vertical_bar,1.0
c6ab389cc82a_y,c6ab389cc82a,y,generated,vertical_bar,vertical_bar,0.0
c7e5d2913f6f_x,c7e5d2913f6f,x,generated,line,line,1.0
c7e5d2913f6f_y,c7e5d2913f6f,y,generated,line,line,0.9523648833995055
c875229989b6_x,c875229989b6,x,generated,vertical_bar,vertical_bar,1.0
c875229989b6_y,c875229989b6,y,generated,vertical_bar,vertical_bar,0.9812133975448905
c8c6f47f3237_x,c8c6f47f3237,x,generated,scatter,scatter,0.994957722486282
c8c6f47f3237_y,c8c6f47f3237,y,generated,scatter,scatter,0.9488915622361991
ca15e76f527f_x,ca15e76f527f,x,generated,line,line,1.0
ca15e76f527f_y,ca15e76f527f,y,generated,line,line,0.9660346647725921
ca571589cdf0_x,ca571589cdf0,x,generated,line,line,1.0
ca571589cdf0_y,ca571589cdf0,y,generated,line,line,0.9682261284387432
cb10444a69d8_x,cb10444a69d8,x,generated,vertical_bar,vertical_bar,1.0
cb10444a69d8_y,cb10444a69d8,y,generated,vertical_bar,vertical_bar,0.9871128111824057
cb24c9fbaefe_x,cb24c9fbaefe,x,generated,scatter,scatter,0.9601944609796222
cb24c9fbaefe_y,cb24c9fbaefe,y,generated,scatter,scatter,0.665692094526027
cba695545c2d_x,cba695545c2d,x,generated,line,line,1.0
cba695545c2d_y,cba695545c2d,y,generated,line,line,0.9799662413328012
ccad923398cc_x,ccad923398cc,x,generated,line,line,1.0
ccad923398cc_y,ccad923398cc,y,generated,line,line,0.9801528177477594
cd1cd4b3f64e_x,cd1cd4b3f64e,x,generated,scatter,scatter,0.9977787012941965
cd1cd4b3f64e_y,cd1cd4b3f64e,y,generated,scatter,scatter,0.9842033332931746
cdb3feaea227_x,cdb3feaea227,x,generated,dot,dot,1.0
cdb3feaea227_y,cdb3feaea227,y,generated,dot,dot,1.0
ce0c2ef65619_x,ce0c2ef65619,x,generated,line,line,1.0
ce0c2ef65619_y,ce0c2ef65619,y,generated,line,line,0.9782497843556619
ce7d7c09f83f_x,ce7d7c09f83f,x,generated,line,line,1.0
ce7d7c09f83f_y,ce7d7c09f83f,y,generated,line,line,0.9735450167895119
cecb290dd2e4_x,cecb290dd2e4,x,generated,vertical_bar,vertical_bar,1.0
cecb290dd2e4_y,cecb290dd2e4,y,generated,vertical_bar,vertical_bar,0.9925762785166197
d04634dfce3a_x,d04634dfce3a,x,generated,line,line,1.0
d04634dfce3a_y,d04634dfce3a,y,generated,line,line,0.9466064681336654
d186f1792779_x,d186f1792779,x,generated,scatter,scatter,0.9969591506552336
d186f1792779_y,d186f1792779,y,generated,scatter,scatter,0.9733674963651329
d2d8b1a009a5_x,d2d8b1a009a5,x,generated,vertical_bar,vertical_bar,1.0
d2d8b1a009a5_y,d2d8b1a009a5,y,generated,vertical_bar,vertical_bar,0.9908669419289964
d328bc306ee3_x,d328bc306ee3,x,generated,dot,dot,1.0
d328bc306ee3_y,d328bc306ee3,y,generated,dot,dot,1.0
d34b01035f26_x,d34b01035f26,x,generated,vertical_bar,vertical_bar,1.0
d34b01035f26_y,d34b01035f26,y,generated,vertical_bar,vertical_bar,0.9875976720523003
d3f4e65cc641_x,d3f4e65cc641,x,generated,scatter,scatter,0.9967945220822043
d3f4e65cc641_y,d3f4e65cc641,y,generated,scatter,scatter,0.0
d49fc6a26184_x,d49fc6a26184,x,generated,scatter,scatter,0.9933382527888859
d49fc6a26184_y,d49fc6a26184,y,generated,scatter,scatter,0.9722364072838472
d59da84b6598_x,d59da84b6598,x,generated,vertical_bar,vertical_bar,0.9967948827700903
d59da84b6598_y,d59da84b6598,y,generated,vertical_bar,vertical_bar,0.9886120083024172
d6dc7b6d2fae_x,d6dc7b6d2fae,x,generated,line,line,1.0
d6dc7b6d2fae_y,d6dc7b6d2fae,y,generated,line,line,0.972245211698622
d81cfd6a5ac5_x,d81cfd6a5ac5,x,generated,line,line,1.0
d81cfd6a5ac5_y,d81cfd6a5ac5,y,generated,line,line,0.9624975746693321
d8614937a637_x,d8614937a637,x,generated,line,line,1.0
d8614937a637_y,d8614937a637,y,generated,line,line,0.9566425075812948
d86de6578616_x,d86de6578616,x,generated,scatter,scatter,0.9968894812221987
d86de6578616_y,d86de6578616,y,generated,scatter,scatter,0.9843992524479876
d8b83a02b236_x,d8b83a02b236,x,generated,scatter,scatter,0.0
d8b83a02b236_y,d8b83a02b236,y,generated,scatter,scatter,0.0
da140593682b_x,da140593682b,x,generated,line,line,1.0
da140593682b_y,da140593682b,y,generated,line,line,0.9504310808427363
db3f03f71670_x,db3f03f71670,x,generated,line,line,1.0
db3f03f71670_y,db3f03f71670,y,generated,line,line,0.8817586623549265
db6f87a0afb7_x,db6f87a0afb7,x,generated,vertical_bar,vertical_bar,1.0
db6f87a0afb7_y,db6f87a0afb7,y,generated,vertical_bar,vertical_bar,0.9921027531853137
dd5b919ef7c7_x,dd5b919ef7c7,x,generated,line,line,1.0
dd5b919ef7c7_y,dd5b919ef7c7,y,generated,line,line,0.9684455276389066
ddc55ca0162c_x,ddc55ca0162c,x,generated,scatter,scatter,0.0
ddc55ca0162c_y,ddc55ca0162c,y,generated,scatter,scatter,0.0
de25452ba056_x,de25452ba056,x,generated,line,line,1.0
de25452ba056_y,de25452ba056,y,generated,line,line,0.9536926609947554
de3bead85ffc_x,de3bead85ffc,x,generated,vertical_bar,vertical_bar,1.0
de3bead85ffc_y,de3bead85ffc,y,generated,vertical_bar,vertical_bar,0.9921381619152598
de64fbe7be8f_x,de64fbe7be8f,x,generated,vertical_bar,vertical_bar,0.838170034624198
de64fbe7be8f_y,de64fbe7be8f,y,generated,vertical_bar,vertical_bar,0.9938665315509623
de7896a058c9_x,de7896a058c9,x,generated,vertical_bar,vertical_bar,1.0
de7896a058c9_y,de7896a058c9,y,generated,vertical_bar,vertical_bar,0.9810777216033821
deddeedd2462_x,deddeedd2462,x,generated,vertical_bar,vertical_bar,1.0
deddeedd2462_y,deddeedd2462,y,generated,vertical_bar,vertical_bar,0.9753049874479371
dee075e470ea_x,dee075e470ea,x,generated,vertical_bar,vertical_bar,1.0
dee075e470ea_y,dee075e470ea,y,generated,vertical_bar,vertical_bar,0.9816531253040743
df7d4f1c1c8f_x,df7d4f1c1c8f,x,generated,dot,dot,1.0
df7d4f1c1c8f_y,df7d4f1c1c8f,y,generated,dot,dot,0.8583916217315348
e0ad2d24262c_x,e0ad2d24262c,x,generated,vertical_bar,vertical_bar,1.0
e0ad2d24262c_y,e0ad2d24262c,y,generated,vertical_bar,vertical_bar,0.9418684773411186
e200aa952ce0_x,e200aa952ce0,x,generated,scatter,scatter,0.9964420143388502
e200aa952ce0_y,e200aa952ce0,y,generated,scatter,scatter,0.9939196063566553
e2415066cd8b_x,e2415066cd8b,x,generated,scatter,scatter,0.996553052638443
e2415066cd8b_y,e2415066cd8b,y,generated,scatter,scatter,0.9641213360138603
e24fc3f2cff7_x,e24fc3f2cff7,x,generated,line,line,1.0
e24fc3f2cff7_y,e24fc3f2cff7,y,generated,line,line,0.9829081581772483
e382b87a187d_x,e382b87a187d,x,generated,line,line,1.0
e382b87a187d_y,e382b87a187d,y,generated,line,line,0.8491729654334765
e3ce4a869ce6_x,e3ce4a869ce6,x,generated,line,line,1.0
e3ce4a869ce6_y,e3ce4a869ce6,y,generated,line,line,0.9628632385442544
e40e77bfa786_x,e40e77bfa786,x,generated,line,line,1.0
e40e77bfa786_y,e40e77bfa786,y,generated,line,line,0.9405652214661591
e5c07abc36e3_x,e5c07abc36e3,x,generated,vertical_bar,vertical_bar,1.0
e5c07abc36e3_y,e5c07abc36e3,y,generated,vertical_bar,vertical_bar,0.9772892045252866
e6251014f192_x,e6251014f192,x,generated,scatter,scatter,0.9956504897944374
e6251014f192_y,e6251014f192,y,generated,scatter,scatter,0.0
e764d3fcfda1_x,e764d3fcfda1,x,generated,scatter,scatter,0.9946924071329277
e764d3fcfda1_y,e764d3fcfda1,y,generated,scatter,scatter,0.8985124618668971
e8348da73c4c_x,e8348da73c4c,x,generated,line,line,1.0
e8348da73c4c_y,e8348da73c4c,y,generated,line,line,0.8719864306611615
e8dfb5f144e1_x,e8dfb5f144e1,x,generated,line,line,1.0
e8dfb5f144e1_y,e8dfb5f144e1,y,generated,line,line,0.97854880443913
e91e28111e86_x,e91e28111e86,x,generated,scatter,scatter,0.9930799127440568
e91e28111e86_y,e91e28111e86,y,generated,scatter,scatter,0.9894519794830268
e946a4d4af85_x,e946a4d4af85,x,generated,vertical_bar,vertical_bar,1.0
e946a4d4af85_y,e946a4d4af85,y,generated,vertical_bar,vertical_bar,0.9582851632786349
e950033031f2_x,e950033031f2,x,generated,vertical_bar,vertical_bar,1.0
e950033031f2_y,e950033031f2,y,generated,vertical_bar,vertical_bar,0.2855669020874465
e9f4e1ea89eb_x,e9f4e1ea89eb,x,generated,scatter,scatter,0.0
e9f4e1ea89eb_y,e9f4e1ea89eb,y,generated,scatter,scatter,0.0
ea1bc45c6d28_x,ea1bc45c6d28,x,generated,line,line,1.0
ea1bc45c6d28_y,ea1bc45c6d28,y,generated,line,line,0.9411190160048644
ea7f074726ae_x,ea7f074726ae,x,generated,vertical_bar,vertical_bar,1.0
ea7f074726ae_y,ea7f074726ae,y,generated,vertical_bar,vertical_bar,0.9618369342413491
eac561ef8da4_x,eac561ef8da4,x,generated,line,line,1.0
eac561ef8da4_y,eac561ef8da4,y,generated,line,line,0.8951848720246509
ead695aaeef1_x,ead695aaeef1,x,generated,vertical_bar,vertical_bar,1.0
ead695aaeef1_y,ead695aaeef1,y,generated,vertical_bar,vertical_bar,0.9745304593311888
ebfa26e67e31_x,ebfa26e67e31,x,generated,line,line,1.0
ebfa26e67e31_y,ebfa26e67e31,y,generated,line,line,0.9870011049841576
ece3cd08ce81_x,ece3cd08ce81,x,generated,vertical_bar,vertical_bar,1.0
ece3cd08ce81_y,ece3cd08ce81,y,generated,vertical_bar,vertical_bar,0.9759796722918166
ed2cd1cdc3fe_x,ed2cd1cdc3fe,x,generated,scatter,scatter,0.0
ed2cd1cdc3fe_y,ed2cd1cdc3fe,y,generated,scatter,scatter,0.0
ed80caefa97f_x,ed80caefa97f,x,generated,scatter,scatter,0.9806841093669807
ed80caefa97f_y,ed80caefa97f,y,generated,scatter,scatter,0.8899991461874688
ef7cecce0c54_x,ef7cecce0c54,x,generated,line,line,1.0
ef7cecce0c54_y,ef7cecce0c54,y,generated,line,line,0.6753472818507928
ef8f6e4f32d0_x,ef8f6e4f32d0,x,generated,scatter,scatter,0.9957418232242132
ef8f6e4f32d0_y,ef8f6e4f32d0,y,generated,scatter,scatter,0.0
efa549b6ae71_x,efa549b6ae71,x,generated,vertical_bar,vertical_bar,1.0
efa549b6ae71_y,efa549b6ae71,y,generated,vertical_bar,vertical_bar,0.9945433893220248
f1a7cb2dd5c9_x,f1a7cb2dd5c9,x,generated,vertical_bar,vertical_bar,1.0
f1a7cb2dd5c9_y,f1a7cb2dd5c9,y,generated,vertical_bar,vertical_bar,0.9878181146232219
f2214b4a1ff1_x,f2214b4a1ff1,x,generated,dot,dot,1.0
f2214b4a1ff1_y,f2214b4a1ff1,y,generated,dot,dot,1.0
f467fc2b7bd8_x,f467fc2b7bd8,x,generated,line,line,1.0
f467fc2b7bd8_y,f467fc2b7bd8,y,generated,line,line,0.7287863090775679
f57fbd6b1a37_x,f57fbd6b1a37,x,generated,line,line,1.0
f57fbd6b1a37_y,f57fbd6b1a37,y,generated,line,line,0.931260921275151
f5d35bef302b_x,f5d35bef302b,x,generated,line,line,1.0
f5d35bef302b_y,f5d35bef302b,y,generated,line,line,0.9522412476711384
f6adcb9a6c8a_x,f6adcb9a6c8a,x,generated,vertical_bar,vertical_bar,1.0
f6adcb9a6c8a_y,f6adcb9a6c8a,y,generated,vertical_bar,vertical_bar,0.9278814319437871
f7dd95ca8387_x,f7dd95ca8387,x,generated,vertical_bar,vertical_bar,1.0
f7dd95ca8387_y,f7dd95ca8387,y,generated,vertical_bar,vertical_bar,0.9609222795065069
f81a1710166d_x,f81a1710166d,x,generated,scatter,scatter,0.9402583020648696
f81a1710166d_y,f81a1710166d,y,generated,scatter,scatter,0.8933026369386423
f83d5511eaad_x,f83d5511eaad,x,generated,vertical_bar,vertical_bar,1.0
f83d5511eaad_y,f83d5511eaad,y,generated,vertical_bar,vertical_bar,0.9906778271325793
f93cad185a73_x,f93cad185a73,x,generated,line,line,1.0
f93cad185a73_y,f93cad185a73,y,generated,line,line,0.977347180821641
f958c9ce7c70_x,f958c9ce7c70,x,generated,vertical_bar,vertical_bar,1.0
f958c9ce7c70_y,f958c9ce7c70,y,generated,vertical_bar,vertical_bar,0.9550989036639606
f96f89b58069_x,f96f89b58069,x,generated,vertical_bar,vertical_bar,1.0
f96f89b58069_y,f96f89b58069,y,generated,vertical_bar,vertical_bar,0.9692602799655698
fa42cc6cb652_x,fa42cc6cb652,x,generated,line,line,1.0
fa42cc6cb652_y,fa42cc6cb652,y,generated,line,line,0.968736490392565
fab17bcfffdf_x,fab17bcfffdf,x,generated,line,line,1.0
fab17bcfffdf_y,fab17bcfffdf,y,generated,line,line,0.9457323656631333
faeccfb31d72_x,faeccfb31d72,x,generated,line,line,1.0
faeccfb31d72_y,faeccfb31d72,y,generated,line,line,0.9286664648994696
faf239c99827_x,faf239c99827,x,generated,vertical_bar,vertical_bar,1.0
faf239c99827_y,faf239c99827,y,generated,vertical_bar,vertical_bar,0.9714170888645348
fb0a540840f8_x,fb0a540840f8,x,generated,line,line,1.0
fb0a540840f8_y,fb0a540840f8,y,generated,line,line,0.9638305293428422
fb186bdbff26_x,fb186bdbff26,x,generated,line,line,1.0
fb186bdbff26_y,fb186bdbff26,y,generated,line,line,0.9234179265844975
fb1b0eac2623_x,fb1b0eac2623,x,generated,scatter,scatter,0.9972446790016913
fb1b0eac2623_y,fb1b0eac2623,y,generated,scatter,scatter,0.9317907382652804
fc88838dcd7d_x,fc88838dcd7d,x,generated,line,line,1.0
fc88838dcd7d_y,fc88838dcd7d,y,generated,line,line,0.981637030494108
fcede1a52f53_x,fcede1a52f53,x,generated,line,line,1.0
fcede1a52f53_y,fcede1a52f53,y,generated,line,line,0.95919289499193
fdaa14bfa525_x,fdaa14bfa525,x,generated,vertical_bar,vertical_bar,1.0
fdaa14bfa525_y,fdaa14bfa525,y,generated,vertical_bar,vertical_bar,0.9574499332813629
fdada40bf66b_x,fdada40bf66b,x,generated,vertical_bar,vertical_bar,1.0
fdada40bf66b_y,fdada40bf66b,y,generated,vertical_bar,vertical_bar,0.9826640298648519
ff5ea688363f_x,ff5ea688363f,x,generated,line,line,1.0
ff5ea688363f_y,ff5ea688363f,y,generated,line,line,0.9673288092999379
ff921193be99_x,ff921193be99,x,generated,scatter,scatter,0.9970219688364184
ff921193be99_y,ff921193be99,y,generated,scatter,scatter,0.9699654671006424
